,match_id,team,player,minute,second,type,location,shot_end_location,shot_body_part,shot_outcome,shot_statsbomb_xg,start_x,start_y,end_x,end_y,season
3901,19778,Birmingham City WFC,Lucy Staniforth,19,7,Shot,"[68.0, 39.0]","[118.0, 43.4, 2.0]",Right Foot,Saved,0.013619029,68.0,39.0,118.0,43.4,1
3902,19778,Birmingham City WFC,Lucy Staniforth,27,35,Shot,"[113.0, 18.0]","[116.0, 78.0]",Right Foot,Wayward,0.031032158,113.0,18.0,116.0,78.0,1
3903,19778,Birmingham City WFC,Lucy Staniforth,44,15,Shot,"[97.0, 17.0]","[120.0, 41.1, 5.5]",Right Foot,Off T,0.045493238,97.0,17.0,120.0,41.1,1
3904,19778,Birmingham City WFC,Lucy Quinn,51,48,Shot,"[113.0, 46.0]","[119.0, 35.0, 2.4]",Left Foot,Off T,0.046397664,113.0,46.0,119.0,35.0,1
3905,19778,Birmingham City WFC,Lucy Staniforth,55,0,Shot,"[92.0, 28.0]","[118.0, 36.8, 1.2]",Right Foot,Saved,0.016894905,92.0,28.0,118.0,36.8,1
3911,19778,Birmingham City WFC,Lucy Staniforth,66,37,Shot,"[88.0, 44.0]","[119.0, 45.0, 2.4]",Right Foot,Off T,0.016655384,88.0,44.0,119.0,45.0,1
3912,19778,Birmingham City WFC,Meaghan Sargeant,70,11,Shot,"[110.0, 34.0]","[118.0, 39.9, 1.4]",Head,Saved,0.03325787,110.0,34.0,118.0,39.9,1
3913,19778,Birmingham City WFC,Lucy Staniforth,78,32,Shot,"[94.0, 29.0]","[97.0, 30.0]",Right Foot,Blocked,0.019868253,94.0,29.0,97.0,30.0,1
3914,19778,Birmingham City WFC,Lucy Staniforth,80,7,Shot,"[90.0, 24.0]","[119.0, 40.1, 2.8]",Right Foot,Post,0.02665534,90.0,24.0,119.0,40.1,1
3915,19778,Birmingham City WFC,Meaghan Sargeant,80,24,Shot,"[98.0, 40.0]","[105.0, 43.0]",Right Foot,Blocked,0.030578006,98.0,40.0,105.0,43.0,1
3916,19778,Birmingham City WFC,Lucy Quinn,82,30,Shot,"[92.0, 46.0]","[119.0, 37.0, 1.6]",Left Foot,Saved,0.033554927,92.0,46.0,119.0,37.0,1
3917,19778,Birmingham City WFC,Hayley Ladd,84,0,Shot,"[91.0, 27.0]","[120.0, 46.3, 4.3]",Right Foot,Off T,0.011588805,91.0,27.0,120.0,46.3,1
3919,19778,Birmingham City WFC,Connie Scofield,93,2,Shot,"[99.0, 53.0]","[101.0, 50.0]",Right Foot,Blocked,0.019301012,99.0,53.0,101.0,50.0,1
3920,19778,Birmingham City WFC,Charlie Wellings,93,7,Shot,"[100.0, 44.0]","[119.0, 41.9, 1.0]",Right Foot,Saved,0.060603105,100.0,44.0,119.0,41.9,1
3741,19733,Birmingham City WFC,Emma Follis,4,20,Shot,"[103.0, 55.0]","[119.0, 42.8, 0.2]",Right Foot,Saved,0.035536993,103.0,55.0,119.0,42.8,1
3744,19733,Birmingham City WFC,Chloe Arthur,17,24,Shot,"[91.0, 39.0]","[120.0, 35.2, 2.9]",Left Foot,Off T,0.031297415,91.0,39.0,120.0,35.2,1
3745,19733,Birmingham City WFC,Lucy Staniforth,18,46,Shot,"[113.0, 42.0]","[116.0, 40.0]",Right Foot,Wayward,0.2846494,113.0,42.0,116.0,40.0,1
3746,19733,Birmingham City WFC,Hayley Ladd,23,14,Shot,"[102.0, 40.0]","[120.0, 33.3, 1.3]",Right Foot,Off T,0.0811023,102.0,40.0,120.0,33.3,1
3749,19733,Birmingham City WFC,Emma Follis,33,58,Shot,"[101.0, 58.0]","[120.0, 43.2, 1.3]",Right Foot,Saved,0.015413678,101.0,58.0,120.0,43.2,1
3753,19733,Birmingham City WFC,Meaghan Sargeant,48,22,Shot,"[114.0, 44.0]","[119.0, 36.2, 0.7]",Head,Goal,0.11550733,114.0,44.0,119.0,36.2,1
3755,19733,Birmingham City WFC,Lucy Staniforth,58,26,Shot,"[100.0, 32.0]","[103.0, 40.5, 0.9]",Right Foot,Saved,0.4237227,100.0,32.0,103.0,40.5,1
3761,19733,Birmingham City WFC,Hayley Ladd,73,43,Shot,"[94.0, 15.0]","[120.0, 37.2, 1.5]",Right Foot,Saved,0.019932806,94.0,15.0,120.0,37.2,1
3766,19733,Birmingham City WFC,Lucy Staniforth,87,4,Shot,"[117.0, 54.0]","[119.0, 43.8, 1.0]",Right Foot,Saved,0.026223471,117.0,54.0,119.0,43.8,1
3478,2275092,Birmingham City WFC,Lucy Staniforth,22,16,Shot,"[83.9, 55.1]","[117.9, 38.4, 0.5]",Right Foot,Saved,0.009930425,83.9,55.1,117.9,38.4,1
3486,2275092,Birmingham City WFC,Rachel Williams,46,6,Shot,"[112.8, 31.8]","[119.3, 36.9, 0.5]",Head,Saved,0.028226793,112.8,31.8,119.3,36.9,1
3491,2275092,Birmingham City WFC,Claudia Walker,61,26,Shot,"[101.2, 53.4]","[105.3, 49.8]",Right Foot,Blocked,0.050312404,101.2,53.4,105.3,49.8,1
3495,2275092,Birmingham City WFC,Emma Rose Kelly,80,8,Shot,"[104.8, 22.1]","[106.2, 23.9]",Right Foot,Blocked,0.022293627,104.8,22.1,106.2,23.9,1
3496,2275092,Birmingham City WFC,Lucy Staniforth,80,14,Shot,"[91.9, 39.0]","[107.7, 41.0]",Right Foot,Blocked,0.017732412,91.9,39.0,107.7,41.0,1
3499,2275092,Birmingham City WFC,Emma Rose Kelly,91,5,Shot,"[109.2, 45.6]","[109.8, 44.9]",Left Foot,Blocked,0.077591926,109.2,45.6,109.8,44.9,1
3500,2275092,Birmingham City WFC,Rachel Williams,91,30,Shot,"[111.2, 37.1]","[112.6, 37.3]",Head,Blocked,0.019795848,111.2,37.1,112.6,37.3,1
3501,2275092,Birmingham City WFC,Lucy Whipp,91,32,Shot,"[115.0, 37.4]","[120.0, 34.5, 0.2]",Right Foot,Off T,0.2592216,115.0,37.4,120.0,34.5,1
3928,2275028,Birmingham City WFC,Sarah Emma Mayling,12,5,Shot,"[94.1, 26.1]","[105.1, 29.0]",Right Foot,Blocked,0.031788044,94.1,26.1,105.1,29.0,1
3931,2275028,Birmingham City WFC,Rachel Williams,23,9,Shot,"[111.4, 42.1]","[117.2, 59.3]",Head,Wayward,0.0744879,111.4,42.1,117.2,59.3,1
3937,2275028,Birmingham City WFC,Claudia Walker,50,5,Shot,"[100.5, 53.8]","[120.0, 50.2, 1.6]",Right Foot,Off T,0.04701103,100.5,53.8,120.0,50.2,1
3943,2275028,Birmingham City WFC,Sarah Emma Mayling,82,13,Shot,"[112.9, 35.9]","[113.4, 35.1]",Head,Blocked,0.08754308,112.9,35.9,113.4,35.1,1
3478,2275092,Birmingham City WFC,Lucy Staniforth,22,16,Shot,"[83.9, 55.1]","[117.9, 38.4, 0.5]",Right Foot,Saved,0.009930425,83.9,55.1,117.9,38.4,1
3486,2275092,Birmingham City WFC,Rachel Williams,46,6,Shot,"[112.8, 31.8]","[119.3, 36.9, 0.5]",Head,Saved,0.028226793,112.8,31.8,119.3,36.9,1
3491,2275092,Birmingham City WFC,Claudia Walker,61,26,Shot,"[101.2, 53.4]","[105.3, 49.8]",Right Foot,Blocked,0.050312404,101.2,53.4,105.3,49.8,1
3495,2275092,Birmingham City WFC,Emma Rose Kelly,80,8,Shot,"[104.8, 22.1]","[106.2, 23.9]",Right Foot,Blocked,0.022293627,104.8,22.1,106.2,23.9,1
3496,2275092,Birmingham City WFC,Lucy Staniforth,80,14,Shot,"[91.9, 39.0]","[107.7, 41.0]",Right Foot,Blocked,0.017732412,91.9,39.0,107.7,41.0,1
3499,2275092,Birmingham City WFC,Emma Rose Kelly,91,5,Shot,"[109.2, 45.6]","[109.8, 44.9]",Left Foot,Blocked,0.077591926,109.2,45.6,109.8,44.9,1
3500,2275092,Birmingham City WFC,Rachel Williams,91,30,Shot,"[111.2, 37.1]","[112.6, 37.3]",Head,Blocked,0.019795848,111.2,37.1,112.6,37.3,1
3501,2275092,Birmingham City WFC,Lucy Whipp,91,32,Shot,"[115.0, 37.4]","[120.0, 34.5, 0.2]",Right Foot,Off T,0.2592216,115.0,37.4,120.0,34.5,1
3928,2275028,Birmingham City WFC,Sarah Emma Mayling,12,5,Shot,"[94.1, 26.1]","[105.1, 29.0]",Right Foot,Blocked,0.031788044,94.1,26.1,105.1,29.0,1
3931,2275028,Birmingham City WFC,Rachel Williams,23,9,Shot,"[111.4, 42.1]","[117.2, 59.3]",Head,Wayward,0.0744879,111.4,42.1,117.2,59.3,1
3937,2275028,Birmingham City WFC,Claudia Walker,50,5,Shot,"[100.5, 53.8]","[120.0, 50.2, 1.6]",Right Foot,Off T,0.04701103,100.5,53.8,120.0,50.2,1
3943,2275028,Birmingham City WFC,Sarah Emma Mayling,82,13,Shot,"[112.9, 35.9]","[113.4, 35.1]",Head,Blocked,0.08754308,112.9,35.9,113.4,35.1,1
3333,19743,Birmingham City WFC,Chloe Arthur,23,11,Shot,"[86.0, 34.0]","[119.0, 33.3, 0.5]",Left Foot,Off T,0.016625367,86.0,34.0,119.0,33.3,1
3335,19743,Birmingham City WFC,Charlie Wellings,26,20,Shot,"[106.0, 54.0]","[110.0, 53.0]",Left Foot,Wayward,0.02135001,106.0,54.0,110.0,53.0,1
3583,19789,Birmingham City WFC,Lucy Quinn,29,38,Shot,"[100.0, 53.0]","[120.0, 32.7, 0.5]",Left Foot,Off T,0.026289651,100.0,53.0,120.0,32.7,1
3587,19789,Birmingham City WFC,Emma Follis,35,9,Shot,"[113.0, 42.0]","[120.0, 37.0, 0.2]",Right Foot,Goal,0.3244375,113.0,42.0,120.0,37.0,1
3589,19789,Birmingham City WFC,Chloe Arthur,48,38,Shot,"[84.0, 57.0]","[118.0, 43.4, 0.9]",Left Foot,Saved,0.008740123,84.0,57.0,118.0,43.4,1
3590,19789,Birmingham City WFC,Emma Follis,52,31,Shot,"[107.0, 47.0]","[119.0, 33.9, 0.2]",Right Foot,Off T,0.3218132,107.0,47.0,119.0,33.9,1
3591,19789,Birmingham City WFC,Lucy Quinn,60,5,Shot,"[96.0, 32.0]","[119.0, 43.8, 2.1]",Right Foot,Goal,0.043944445,96.0,32.0,119.0,43.8,1
3592,19789,Birmingham City WFC,Charlie Wellings,67,43,Shot,"[95.0, 47.0]","[119.0, 44.4, 3.9]",Right Foot,Off T,0.043685533,95.0,47.0,119.0,44.4,1
3594,19789,Birmingham City WFC,Ellen White,76,33,Shot,"[112.0, 29.0]","[114.0, 32.0]",Left Foot,Blocked,0.07381769,112.0,29.0,114.0,32.0,1
3595,19789,Birmingham City WFC,Ellen White,80,50,Shot,"[97.0, 53.0]","[118.0, 19.0]",Right Foot,Wayward,0.055921633,97.0,53.0,118.0,19.0,1
3597,19789,Birmingham City WFC,Emma Follis,90,7,Shot,"[111.0, 55.0]","[117.0, 44.0, 1.4]",Right Foot,Saved,0.03954463,111.0,55.0,117.0,44.0,1
3598,19789,Birmingham City WFC,Ellen White,91,59,Shot,"[109.0, 35.0]","[119.0, 40.3, 1.9]",Left Foot,Goal,0.24149525,109.0,35.0,119.0,40.3,1
3478,2275093,Birmingham City WFC,Rebecca Holloway,21,11,Shot,"[100.5, 56.5]","[120.0, 58.2, 2.3]",Right Foot,Off T,0.010304433,100.5,56.5,120.0,58.2,1
3480,2275093,Birmingham City WFC,Lucy Staniforth,32,45,Shot,"[85.1, 14.7]","[120.0, 60.8, 4.5]",Right Foot,Off T,0.039136883,85.1,14.7,120.0,60.8,1
3483,2275093,Birmingham City WFC,Claudia Walker,40,35,Shot,"[96.6, 44.3]","[120.0, 45.9, 1.4]",Right Foot,Off T,0.026537139,96.6,44.3,120.0,45.9,1
3486,2275093,Birmingham City WFC,Claudia Walker,48,29,Shot,"[104.2, 59.2]","[118.7, 40.8, 2.4]",Right Foot,Saved,0.01583557,104.2,59.2,118.7,40.8,1
3489,2275093,Birmingham City WFC,Lucy Staniforth,56,34,Shot,"[95.4, 47.8]","[116.5, 40.6, 0.7]",Right Foot,Saved,0.028598612,95.4,47.8,116.5,40.6,1
3490,2275093,Birmingham City WFC,Chloe Arthur,57,15,Shot,"[92.0, 54.0]","[120.0, 22.4, 3.5]",Left Foot,Off T,0.025214553,92.0,54.0,120.0,22.4,1
3492,2275093,Birmingham City WFC,Freya Gregory,69,47,Shot,"[96.4, 28.2]","[101.9, 30.2]",Left Foot,Blocked,0.023424298,96.4,28.2,101.9,30.2,1
3497,2275093,Birmingham City WFC,Claudia Walker,83,46,Shot,"[113.1, 56.9]","[120.0, 44.2, 3.3]",Right Foot,Off T,0.021334294,113.1,56.9,120.0,44.2,1
3668,2275074,Birmingham City WFC,Rachel Williams,4,47,Shot,"[101.0, 49.8]","[120.0, 50.6, 6.0]",Right Foot,Off T,0.0668565,101.0,49.8,120.0,50.6,1
3669,2275074,Birmingham City WFC,Lucy Staniforth,17,4,Shot,"[107.4, 58.5]","[109.7, 55.9]",Right Foot,Blocked,0.014028601,107.4,58.5,109.7,55.9,1
3672,2275074,Birmingham City WFC,Lucy Staniforth,35,2,Shot,"[102.1, 31.6]","[120.0, 38.3, 3.9]",Right Foot,Off T,0.07027562,102.1,31.6,120.0,38.3,1
3686,2275074,Birmingham City WFC,Rachel Williams,90,14,Shot,"[109.4, 43.2]","[120.0, 47.7, 0.2]",Head,Off T,0.061614975,109.4,43.2,120.0,47.7,1
3367,3775572,Birmingham City WFC,Lucy Whipp,41,53,Shot,"[100.5, 34.3]","[106.9, 35.8]",Right Foot,Blocked,0.05045777,100.5,34.3,106.9,35.8,1
3368,3775572,Birmingham City WFC,Georgia Brougham,43,14,Shot,"[98.1, 22.0]","[120.0, 39.8, 3.7]",Right Foot,Off T,0.027926411,98.1,22.0,120.0,39.8,1
3380,3775572,Birmingham City WFC,Harriet Scott,82,31,Shot,"[103.0, 57.8]","[108.6, 41.2]",Left Foot,Wayward,0.024197526,103.0,57.8,108.6,41.2,1
3381,3775572,Birmingham City WFC,Claudia Walker,82,32,Shot,"[109.2, 43.9]","[120.0, 34.3, 0.9]",Head,Off T,0.11619566,109.2,43.9,120.0,34.3,1
3321,3775565,Birmingham City WFC,Claudia Walker,38,41,Shot,"[104.3, 36.5]","[120.0, 34.2, 2.1]",Left Foot,Off T,0.11331532,104.3,36.5,120.0,34.2,1
3322,3775565,Birmingham City WFC,Claudia Walker,42,48,Shot,"[102.1, 32.8]","[120.0, 53.1, 7.5]",Right Foot,Off T,0.036791164,102.1,32.8,120.0,53.1,1
3332,3775565,Birmingham City WFC,Harriet Scott,67,22,Shot,"[109.5, 27.4]","[110.4, 28.8]",Left Foot,Blocked,0.067261174,109.5,27.4,110.4,28.8,1
3445,19749,Birmingham City WFC,Emma Follis,14,26,Shot,"[99.0, 20.0]","[119.0, 39.9, 2.0]",Right Foot,Saved,0.02415462,99.0,20.0,119.0,39.9,1
3446,19749,Birmingham City WFC,Charlie Wellings,19,51,Shot,"[101.0, 54.0]","[103.0, 53.0]",Right Foot,Blocked,0.05745044,101.0,54.0,103.0,53.0,1
3447,19749,Birmingham City WFC,Charlie Wellings,25,9,Shot,"[101.0, 57.0]","[105.0, 57.0]",Right Foot,Blocked,0.23506369,101.0,57.0,105.0,57.0,1
3458,19749,Birmingham City WFC,Emma Follis,59,8,Shot,"[119.0, 55.0]","[120.0, 36.8, 0.5]",Right Foot,Goal,0.06882279,119.0,55.0,120.0,36.8,1
3461,19749,Birmingham City WFC,Charlie Wellings,80,34,Shot,"[112.0, 38.0]","[120.0, 29.0]",Head,Wayward,0.053308487,112.0,38.0,120.0,29.0,1
3073,19804,Birmingham City WFC,Emma Follis,16,1,Shot,"[107.4, 27.6]","[120.0, 38.0, 3.9]",Left Foot,Off T,0.028224923,107.4,27.6,120.0,38.0,1
3074,19804,Birmingham City WFC,Chloe Arthur,16,34,Shot,"[89.2, 36.6]","[97.7, 36.6]",Left Foot,Blocked,0.013631012,89.2,36.6,97.7,36.6,1
3077,19804,Birmingham City WFC,Ellen White,33,27,Shot,"[107.8, 59.1]","[117.5, 41.5, 1.6]",Right Foot,Saved,0.022992713,107.8,59.1,117.5,41.5,1
3082,19804,Birmingham City WFC,Harriet Scott,43,27,Shot,"[95.2, 33.8]","[96.6, 34.4]",Left Foot,Blocked,0.03080022,95.2,33.8,96.6,34.4,1
3084,19804,Birmingham City WFC,Hayley Ladd,54,47,Shot,"[94.8, 36.6]","[120.0, 42.9, 4.0]",Right Foot,Off T,0.053488668,94.8,36.6,120.0,42.9,1
3086,19804,Birmingham City WFC,Harriet Scott,62,8,Shot,"[112.6, 47.1]","[120.0, 37.5, 5.3]",Head,Off T,0.05192684,112.6,47.1,120.0,37.5,1
3087,19804,Birmingham City WFC,Ellen White,68,31,Shot,"[111.5, 47.4]","[112.7, 46.9]",Right Foot,Blocked,0.060479723,111.5,47.4,112.7,46.9,1
3088,19804,Birmingham City WFC,Chloe Arthur,70,23,Shot,"[114.6, 37.6]","[120.0, 35.0, 0.7]",Head,Off T,0.24801566,114.6,37.6,120.0,35.0,1
3090,19804,Birmingham City WFC,Ellen White,78,1,Shot,"[103.9, 51.4]","[118.2, 43.3, 0.3]",Right Foot,Saved,0.075087294,103.9,51.4,118.2,43.3,1
4108,2275089,Birmingham City WFC,Claudia Walker,23,29,Shot,"[106.4, 55.4]","[118.8, 44.6, 1.9]",Right Foot,Saved,0.02744166,106.4,55.4,118.8,44.6,1
4109,2275089,Birmingham City WFC,Rachel Williams,24,12,Shot,"[97.3, 40.6]","[120.0, 33.3, 1.6]",Right Foot,Off T,0.040929314,97.3,40.6,120.0,33.3,1
4111,2275089,Birmingham City WFC,Adrienne Jordan,33,1,Shot,"[108.8, 35.4]","[118.9, 37.4, 0.3]",Right Foot,Saved,0.25716963,108.8,35.4,118.9,37.4,1
4116,2275089,Birmingham City WFC,Lucy Staniforth,53,16,Shot,"[89.9, 49.1]","[119.0, 41.8, 0.2]",Left Foot,Saved,0.017860027,89.9,49.1,119.0,41.8,1
4119,2275089,Birmingham City WFC,Claudia Walker,60,0,Shot,"[93.4, 48.2]","[97.2, 47.5]",Right Foot,Blocked,0.016973412,93.4,48.2,97.2,47.5,1
4120,2275089,Birmingham City WFC,Lucy Staniforth,79,13,Shot,"[94.2, 41.5]","[119.0, 41.5, 1.7]",Right Foot,Saved,0.04540414,94.2,41.5,119.0,41.5,1
3144,3775584,Birmingham City WFC,Mollie Green,47,18,Shot,"[84.9, 44.2]","[86.5, 44.0]",Right Foot,Blocked,0.010909359,84.9,44.2,86.5,44.0,1
3153,3775584,Birmingham City WFC,Christie Murray,77,19,Shot,"[99.2, 42.4]","[117.3, 40.1, 0.1]",Left Foot,Saved,0.056782365,99.2,42.4,117.3,40.1,1
3154,3775584,Birmingham City WFC,Emma Rose Kelly,80,26,Shot,"[98.9, 58.2]","[100.1, 57.1]",Left Foot,Blocked,0.018505009,98.9,58.2,100.1,57.1,1
3160,3775584,Birmingham City WFC,Claudia Walker,93,2,Shot,"[89.3, 28.9]","[118.8, 37.3, 0.4]",Right Foot,Saved,0.013095055,89.3,28.9,118.8,37.3,1
3486,3775630,Birmingham City WFC,Ruesha Littlejohn,53,3,Shot,"[106.2, 47.1]","[108.3, 43.5]",Right Foot,Blocked,0.1913961,106.2,47.1,108.3,43.5,1
3901,19778,Birmingham City WFC,Lucy Staniforth,19,7,Shot,"[68.0, 39.0]","[118.0, 43.4, 2.0]",Right Foot,Saved,0.013619029,68.0,39.0,118.0,43.4,1
3902,19778,Birmingham City WFC,Lucy Staniforth,27,35,Shot,"[113.0, 18.0]","[116.0, 78.0]",Right Foot,Wayward,0.031032158,113.0,18.0,116.0,78.0,1
3903,19778,Birmingham City WFC,Lucy Staniforth,44,15,Shot,"[97.0, 17.0]","[120.0, 41.1, 5.5]",Right Foot,Off T,0.045493238,97.0,17.0,120.0,41.1,1
3904,19778,Birmingham City WFC,Lucy Quinn,51,48,Shot,"[113.0, 46.0]","[119.0, 35.0, 2.4]",Left Foot,Off T,0.046397664,113.0,46.0,119.0,35.0,1
3905,19778,Birmingham City WFC,Lucy Staniforth,55,0,Shot,"[92.0, 28.0]","[118.0, 36.8, 1.2]",Right Foot,Saved,0.016894905,92.0,28.0,118.0,36.8,1
3911,19778,Birmingham City WFC,Lucy Staniforth,66,37,Shot,"[88.0, 44.0]","[119.0, 45.0, 2.4]",Right Foot,Off T,0.016655384,88.0,44.0,119.0,45.0,1
3912,19778,Birmingham City WFC,Meaghan Sargeant,70,11,Shot,"[110.0, 34.0]","[118.0, 39.9, 1.4]",Head,Saved,0.03325787,110.0,34.0,118.0,39.9,1
3913,19778,Birmingham City WFC,Lucy Staniforth,78,32,Shot,"[94.0, 29.0]","[97.0, 30.0]",Right Foot,Blocked,0.019868253,94.0,29.0,97.0,30.0,1
3914,19778,Birmingham City WFC,Lucy Staniforth,80,7,Shot,"[90.0, 24.0]","[119.0, 40.1, 2.8]",Right Foot,Post,0.02665534,90.0,24.0,119.0,40.1,1
3915,19778,Birmingham City WFC,Meaghan Sargeant,80,24,Shot,"[98.0, 40.0]","[105.0, 43.0]",Right Foot,Blocked,0.030578006,98.0,40.0,105.0,43.0,1
3916,19778,Birmingham City WFC,Lucy Quinn,82,30,Shot,"[92.0, 46.0]","[119.0, 37.0, 1.6]",Left Foot,Saved,0.033554927,92.0,46.0,119.0,37.0,1
3917,19778,Birmingham City WFC,Hayley Ladd,84,0,Shot,"[91.0, 27.0]","[120.0, 46.3, 4.3]",Right Foot,Off T,0.011588805,91.0,27.0,120.0,46.3,1
3919,19778,Birmingham City WFC,Connie Scofield,93,2,Shot,"[99.0, 53.0]","[101.0, 50.0]",Right Foot,Blocked,0.019301012,99.0,53.0,101.0,50.0,1
3920,19778,Birmingham City WFC,Charlie Wellings,93,7,Shot,"[100.0, 44.0]","[119.0, 41.9, 1.0]",Right Foot,Saved,0.060603105,100.0,44.0,119.0,41.9,1
3235,19771,Birmingham City WFC,Lucy Quinn,0,33,Shot,"[114.0, 44.0]","[120.0, 34.4, 0.2]",Right Foot,Off T,0.33651644,114.0,44.0,120.0,34.4,1
3236,19771,Birmingham City WFC,Lucy Quinn,2,25,Shot,"[94.0, 34.0]","[120.0, 43.2, 3.6]",Right Foot,Off T,0.025482574,94.0,34.0,120.0,43.2,1
3237,19771,Birmingham City WFC,Chloe Arthur,8,14,Shot,"[86.0, 43.0]","[120.0, 41.5, 3.8]",Right Foot,Off T,0.015005583,86.0,43.0,120.0,41.5,1
3238,19771,Birmingham City WFC,Lucy Quinn,21,1,Shot,"[108.0, 54.0]","[110.0, 52.0]",Left Foot,Blocked,0.054473627,108.0,54.0,110.0,52.0,1
3239,19771,Birmingham City WFC,Harriet Scott,23,3,Shot,"[99.0, 50.0]","[117.0, 47.0]",Right Foot,Wayward,0.018211378,99.0,50.0,117.0,47.0,1
3240,19771,Birmingham City WFC,Emma Follis,25,0,Shot,"[97.0, 27.0]","[119.0, 42.6, 1.6]",Right Foot,Saved,0.031675305,97.0,27.0,119.0,42.6,1
3241,19771,Birmingham City WFC,Lucy Staniforth,36,10,Shot,"[116.0, 57.0]","[119.0, 37.0, 1.7]",Right Foot,Saved,0.02302927,116.0,57.0,119.0,37.0,1
3242,19771,Birmingham City WFC,Chloe Arthur,37,45,Shot,"[87.0, 49.0]","[119.0, 38.3, 0.3]",Right Foot,Saved,0.012918162,87.0,49.0,119.0,38.3,1
3243,19771,Birmingham City WFC,Emma Follis,39,36,Shot,"[108.0, 27.0]","[120.0, 41.3, 0.5]",Right Foot,Saved,0.040871587,108.0,27.0,120.0,41.3,1
3244,19771,Birmingham City WFC,Lucy Staniforth,46,38,Shot,"[99.0, 19.0]","[120.0, 40.1, 3.8]",Right Foot,Off T,0.0627314,99.0,19.0,120.0,40.1,1
3245,19771,Birmingham City WFC,Lucy Quinn,45,12,Shot,"[95.0, 40.0]","[120.0, 34.0, 0.3]",Right Foot,Off T,0.03237306,95.0,40.0,120.0,34.0,1
3247,19771,Birmingham City WFC,Lucy Staniforth,49,51,Shot,"[111.0, 31.0]","[119.0, 43.6, 0.7]",Right Foot,Goal,0.33826336,111.0,31.0,119.0,43.6,1
3248,19771,Birmingham City WFC,Meaghan Sargeant,52,20,Shot,"[113.0, 49.0]","[108.0, 34.0]",Head,Wayward,0.024104223,113.0,49.0,108.0,34.0,1
3249,19771,Birmingham City WFC,Paige Williams,52,27,Shot,"[88.0, 23.0]","[119.0, 43.0, 1.0]",Left Foot,Saved,0.018949676,88.0,23.0,119.0,43.0,1
3250,19771,Birmingham City WFC,Connie Scofield,58,9,Shot,"[110.0, 23.0]","[119.0, 44.0, 3.8]",Right Foot,Off T,0.022308161,110.0,23.0,119.0,44.0,1
3251,19771,Birmingham City WFC,Charlie Wellings,71,28,Shot,"[85.0, 40.0]","[120.0, 45.6, 2.2]",Right Foot,Off T,0.01109467,85.0,40.0,120.0,45.6,1
3252,19771,Birmingham City WFC,Charlie Wellings,73,14,Shot,"[93.0, 33.0]","[119.0, 36.2, 0.2]",Right Foot,Saved,0.021482436,93.0,33.0,119.0,36.2,1
3253,19771,Birmingham City WFC,Harriet Scott,75,19,Shot,"[97.0, 48.0]","[119.0, 34.2, 1.4]",Left Foot,Off T,0.039887276,97.0,48.0,119.0,34.2,1
3254,19771,Birmingham City WFC,Charlie Wellings,75,57,Shot,"[104.0, 55.0]","[118.0, 37.2, 1.8]",Right Foot,Saved,0.035861053,104.0,55.0,118.0,37.2,1
3256,19771,Birmingham City WFC,Charlie Wellings,83,33,Shot,"[89.0, 26.0]","[118.0, 40.1, 0.8]",Right Foot,Saved,0.012946942,89.0,26.0,118.0,40.1,1
3257,19771,Birmingham City WFC,Lucy Quinn,89,16,Shot,"[102.0, 52.0]","[119.0, 43.0, 0.5]",Left Foot,Saved,0.034733217,102.0,52.0,119.0,43.0,1
3069,19718,Birmingham City WFC,Charlie Wellings,0,44,Shot,"[108.0, 54.0]","[120.0, 36.4, 0.3]",Right Foot,Goal,0.09079107,108.0,54.0,120.0,36.4,1
3070,19718,Birmingham City WFC,Hayley Ladd,42,49,Shot,"[109.0, 48.0]","[120.0, 45.6, 3.1]",Right Foot,Off T,0.042854022,109.0,48.0,120.0,45.6,1
3071,19718,Birmingham City WFC,Ellen White,44,49,Shot,"[112.0, 49.0]","[120.0, 45.0, 1.3]",Head,Off T,0.01332002,112.0,49.0,120.0,45.0,1
3072,19718,Birmingham City WFC,Ellen White,47,20,Shot,"[97.0, 49.0]","[102.0, 46.0]",Right Foot,Blocked,0.03824967,97.0,49.0,102.0,46.0,1
3073,19718,Birmingham City WFC,Charlie Wellings,47,22,Shot,"[100.0, 56.0]","[119.0, 39.3, 1.8]",Left Foot,Saved,0.019539604,100.0,56.0,119.0,39.3,1
3074,19718,Birmingham City WFC,Lucy Quinn,48,57,Shot,"[98.0, 38.0]","[105.0, 38.0]",Right Foot,Blocked,0.06268366,98.0,38.0,105.0,38.0,1
3075,19718,Birmingham City WFC,Kerys Harrop,49,29,Shot,"[114.0, 36.0]","[118.0, 38.0]",Other,Wayward,0.15933453,114.0,36.0,118.0,38.0,1
3076,19718,Birmingham City WFC,Ellen White,51,38,Shot,"[110.0, 52.0]","[112.0, 47.0]",Right Foot,Blocked,0.074676275,110.0,52.0,112.0,47.0,1
3077,19718,Birmingham City WFC,Kerys Harrop,52,16,Shot,"[110.0, 36.0]","[113.0, 31.0]",Other,Wayward,0.045221232,110.0,36.0,113.0,31.0,1
3078,19718,Birmingham City WFC,Lucy Quinn,52,17,Shot,"[114.0, 31.0]","[118.0, 36.4, 1.3]",Right Foot,Saved,0.1211524,114.0,31.0,118.0,36.4,1
3080,19718,Birmingham City WFC,Ellen White,56,35,Shot,"[100.0, 34.0]","[120.0, 39.1, 3.4]",Right Foot,Off T,0.071149014,100.0,34.0,120.0,39.1,1
3081,19718,Birmingham City WFC,Paige Williams,65,19,Shot,"[91.0, 45.0]","[119.0, 42.8, 2.7]",Left Foot,Post,0.021101132,91.0,45.0,119.0,42.8,1
3082,19718,Birmingham City WFC,Charlie Wellings,66,57,Shot,"[113.0, 33.0]","[120.0, 35.2, 3.5]",Left Foot,Off T,0.14809121,113.0,33.0,120.0,35.2,1
3083,19718,Birmingham City WFC,Hayley Ladd,69,56,Shot,"[96.0, 46.0]","[105.0, 41.0]",Right Foot,Wayward,0.038097445,96.0,46.0,105.0,41.0,1
3084,19718,Birmingham City WFC,Lucy Staniforth,73,40,Shot,"[94.0, 32.0]","[119.0, 40.1, 1.7]",Right Foot,Saved,0.08855965,94.0,32.0,119.0,40.1,1
3085,19718,Birmingham City WFC,Ellen White,74,23,Shot,"[113.0, 43.0]","[120.0, 47.9, 1.9]",Right Foot,Off T,0.25974116,113.0,43.0,120.0,47.9,1
3087,19718,Birmingham City WFC,Kerys Harrop,85,12,Shot,"[118.0, 33.0]","[114.0, 16.0]",Head,Wayward,0.04752707,118.0,33.0,114.0,16.0,1
3090,19718,Birmingham City WFC,Charlie Wellings,91,24,Shot,"[71.0, 53.0]","[120.0, 33.1, 2.0]",Right Foot,Off T,0.047809787,71.0,53.0,120.0,33.1,1
3333,19743,Birmingham City WFC,Chloe Arthur,23,11,Shot,"[86.0, 34.0]","[119.0, 33.3, 0.5]",Left Foot,Off T,0.016625367,86.0,34.0,119.0,33.3,1
3335,19743,Birmingham City WFC,Charlie Wellings,26,20,Shot,"[106.0, 54.0]","[110.0, 53.0]",Left Foot,Wayward,0.02135001,106.0,54.0,110.0,53.0,1
3352,19822,Birmingham City WFC,Kerys Harrop,10,27,Shot,"[113.6, 36.9]","[119.2, 40.5, 1.0]",Head,Saved,0.2413321,113.6,36.9,119.2,40.5,1
3353,19822,Birmingham City WFC,Ellen White,14,31,Shot,"[113.3, 38.5]","[119.0, 40.1, 1.6]",Head,Saved,0.1763133,113.3,38.5,119.0,40.1,1
3355,19822,Birmingham City WFC,Ellen White,18,39,Shot,"[104.1, 40.0]","[115.5, 40.2, 0.4]",Left Foot,Saved,0.21140493,104.1,40.0,115.5,40.2,1
3356,19822,Birmingham City WFC,Ellen White,27,28,Shot,"[102.3, 48.9]","[120.0, 43.7, 6.4]",Right Foot,Off T,0.14098799,102.3,48.9,120.0,43.7,1
3357,19822,Birmingham City WFC,Lucy Staniforth,30,35,Shot,"[91.1, 40.4]","[118.9, 39.6, 1.1]",Right Foot,Saved,0.028644271,91.1,40.4,118.9,39.6,1
3358,19822,Birmingham City WFC,Lucy Staniforth,34,32,Shot,"[98.3, 24.0]","[119.4, 37.5, 1.8]",Right Foot,Saved,0.022494469,98.3,24.0,119.4,37.5,1
3359,19822,Birmingham City WFC,Charlie Wellings,39,49,Shot,"[90.9, 43.2]","[93.4, 43.1]",Right Foot,Blocked,0.024891946,90.9,43.2,93.4,43.1,1
3360,19822,Birmingham City WFC,Ellen White,41,24,Shot,"[108.5, 39.4]","[118.9, 38.6, 1.7]",Head,Saved,0.031019244,108.5,39.4,118.9,38.6,1
3361,19822,Birmingham City WFC,Claudia Walker,49,46,Shot,"[96.6, 36.5]","[119.2, 40.4, 1.3]",Right Foot,Saved,0.060591325,96.6,36.5,119.2,40.4,1
3362,19822,Birmingham City WFC,Claudia Walker,52,37,Shot,"[87.7, 30.0]","[120.0, 39.9, 7.6]",Right Foot,Off T,0.014557679,87.7,30.0,120.0,39.9,1
3363,19822,Birmingham City WFC,Claudia Walker,55,7,Shot,"[111.9, 42.0]","[120.0, 34.7, 0.5]",Right Foot,Off T,0.41003057,111.9,42.0,120.0,34.7,1
3364,19822,Birmingham City WFC,Charlie Wellings,58,49,Shot,"[107.6, 50.4]","[120.0, 36.8, 0.5]",Right Foot,Goal,0.14629795,107.6,50.4,120.0,36.8,1
3365,19822,Birmingham City WFC,Ellen White,61,36,Shot,"[111.8, 55.1]","[120.0, 40.2, 2.6]",Right Foot,Saved,0.041964147,111.8,55.1,120.0,40.2,1
3367,19822,Birmingham City WFC,Chloe Arthur,67,43,Shot,"[92.4, 41.7]","[120.0, 41.4, 5.3]",Right Foot,Off T,0.018958658,92.4,41.7,120.0,41.4,1
3368,19822,Birmingham City WFC,Chloe Arthur,69,4,Shot,"[110.0, 34.7]","[118.1, 39.2, 0.9]",Head,Saved,0.019287487,110.0,34.7,118.1,39.2,1
3369,19822,Birmingham City WFC,Lucy Staniforth,69,7,Shot,"[111.2, 40.8]","[120.0, 34.9, 0.8]",Right Foot,Off T,0.10460593,111.2,40.8,120.0,34.9,1
3370,19822,Birmingham City WFC,Ellen White,73,25,Shot,"[114.6, 37.0]","[116.3, 38.0]",Right Foot,Blocked,0.2914876,114.6,37.0,116.3,38.0,1
3371,19822,Birmingham City WFC,Lucy Staniforth,77,10,Shot,"[94.1, 47.2]","[118.6, 37.6, 0.5]",Right Foot,Saved,0.032338675,94.1,47.2,118.6,37.6,1
3372,19822,Birmingham City WFC,Emma Follis,78,2,Shot,"[107.7, 49.6]","[113.1, 44.0]",Left Foot,Blocked,0.084372565,107.7,49.6,113.1,44.0,1
3375,19822,Birmingham City WFC,Charlie Wellings,84,19,Shot,"[105.7, 27.8]","[118.7, 36.3, 1.5]",Left Foot,Saved,0.07248433,105.7,27.8,118.7,36.3,1
3445,19749,Birmingham City WFC,Emma Follis,14,26,Shot,"[99.0, 20.0]","[119.0, 39.9, 2.0]",Right Foot,Saved,0.02415462,99.0,20.0,119.0,39.9,1
3446,19749,Birmingham City WFC,Charlie Wellings,19,51,Shot,"[101.0, 54.0]","[103.0, 53.0]",Right Foot,Blocked,0.05745044,101.0,54.0,103.0,53.0,1
3447,19749,Birmingham City WFC,Charlie Wellings,25,9,Shot,"[101.0, 57.0]","[105.0, 57.0]",Right Foot,Blocked,0.23506369,101.0,57.0,105.0,57.0,1
3458,19749,Birmingham City WFC,Emma Follis,59,8,Shot,"[119.0, 55.0]","[120.0, 36.8, 0.5]",Right Foot,Goal,0.06882279,119.0,55.0,120.0,36.8,1
3461,19749,Birmingham City WFC,Charlie Wellings,80,34,Shot,"[112.0, 38.0]","[120.0, 29.0]",Head,Wayward,0.053308487,112.0,38.0,120.0,29.0,1
3026,19787,Birmingham City WFC,Lucy Staniforth,28,55,Shot,"[92.0, 29.0]","[106.0, 31.0]",Right Foot,Blocked,0.048392575,92.0,29.0,106.0,31.0,1
3028,19787,Birmingham City WFC,Emma Follis,42,54,Shot,"[108.0, 30.0]","[120.0, 43.2, 1.3]",Right Foot,Saved,0.078801185,108.0,30.0,120.0,43.2,1
3029,19787,Birmingham City WFC,Kerys Harrop,43,35,Shot,"[114.0, 35.0]","[120.0, 35.2, 1.1]",Head,Off T,0.04043056,114.0,35.0,120.0,35.2,1
3030,19787,Birmingham City WFC,Lucy Staniforth,45,50,Shot,"[107.0, 23.0]","[120.0, 34.0]",Right Foot,Blocked,0.022439055,107.0,23.0,120.0,34.0,1
3031,19787,Birmingham City WFC,Emma Follis,50,13,Shot,"[89.0, 46.0]","[120.0, 46.3, 0.5]",Right Foot,Off T,0.016162371,89.0,46.0,120.0,46.3,1
3032,19787,Birmingham City WFC,Chloe Arthur,53,31,Shot,"[83.0, 42.0]","[119.0, 40.1, 0.2]",Right Foot,Saved,0.009605569,83.0,42.0,119.0,40.1,1
3036,19787,Birmingham City WFC,Lucy Staniforth,59,1,Shot,"[82.0, 55.0]","[92.0, 52.0]",Right Foot,Wayward,0.066419005,82.0,55.0,92.0,52.0,1
3037,19787,Birmingham City WFC,Charlie Wellings,62,57,Shot,"[98.0, 28.0]","[99.0, 30.0]",Right Foot,Blocked,0.04178795,98.0,28.0,99.0,30.0,1
3038,19787,Birmingham City WFC,Lucy Staniforth,64,53,Shot,"[95.0, 18.0]","[119.0, 41.9, 1.7]",Right Foot,Saved,0.019199219,95.0,18.0,119.0,41.9,1
3039,19787,Birmingham City WFC,Chloe Arthur,77,41,Shot,"[86.0, 54.0]","[120.0, 46.3, 0.9]",Right Foot,Off T,0.011969898,86.0,54.0,120.0,46.3,1
3040,19787,Birmingham City WFC,Kerys Harrop,80,57,Shot,"[116.0, 33.0]","[120.0, 39.7, 3.6]",Head,Off T,0.12253184,116.0,33.0,120.0,39.7,1
3041,19787,Birmingham City WFC,Sarah Emma Mayling,82,15,Shot,"[110.0, 41.0]","[119.0, 48.3, 7.2]",Right Foot,Off T,0.117763385,110.0,41.0,119.0,48.3,1
3741,19733,Birmingham City WFC,Emma Follis,4,20,Shot,"[103.0, 55.0]","[119.0, 42.8, 0.2]",Right Foot,Saved,0.035536993,103.0,55.0,119.0,42.8,1
3744,19733,Birmingham City WFC,Chloe Arthur,17,24,Shot,"[91.0, 39.0]","[120.0, 35.2, 2.9]",Left Foot,Off T,0.031297415,91.0,39.0,120.0,35.2,1
3745,19733,Birmingham City WFC,Lucy Staniforth,18,46,Shot,"[113.0, 42.0]","[116.0, 40.0]",Right Foot,Wayward,0.2846494,113.0,42.0,116.0,40.0,1
3746,19733,Birmingham City WFC,Hayley Ladd,23,14,Shot,"[102.0, 40.0]","[120.0, 33.3, 1.3]",Right Foot,Off T,0.0811023,102.0,40.0,120.0,33.3,1
3749,19733,Birmingham City WFC,Emma Follis,33,58,Shot,"[101.0, 58.0]","[120.0, 43.2, 1.3]",Right Foot,Saved,0.015413678,101.0,58.0,120.0,43.2,1
3753,19733,Birmingham City WFC,Meaghan Sargeant,48,22,Shot,"[114.0, 44.0]","[119.0, 36.2, 0.7]",Head,Goal,0.11550733,114.0,44.0,119.0,36.2,1
3755,19733,Birmingham City WFC,Lucy Staniforth,58,26,Shot,"[100.0, 32.0]","[103.0, 40.5, 0.9]",Right Foot,Saved,0.4237227,100.0,32.0,103.0,40.5,1
3761,19733,Birmingham City WFC,Hayley Ladd,73,43,Shot,"[94.0, 15.0]","[120.0, 37.2, 1.5]",Right Foot,Saved,0.019932806,94.0,15.0,120.0,37.2,1
3766,19733,Birmingham City WFC,Lucy Staniforth,87,4,Shot,"[117.0, 54.0]","[119.0, 43.8, 1.0]",Right Foot,Saved,0.026223471,117.0,54.0,119.0,43.8,1
3517,19765,Birmingham City WFC,Chloe Arthur,1,27,Shot,"[114.0, 42.0]","[119.0, 42.8, 0.9]",Right Foot,Saved,0.41839263,114.0,42.0,119.0,42.8,1
3518,19765,Birmingham City WFC,Emma Follis,2,30,Shot,"[116.0, 37.0]","[120.0, 42.8, 0.8]",Right Foot,Goal,0.30190638,116.0,37.0,120.0,42.8,1
3520,19765,Birmingham City WFC,Lucy Staniforth,8,46,Shot,"[95.0, 50.0]","[109.0, 43.0]",Right Foot,Blocked,0.019290444,95.0,50.0,109.0,43.0,1
3521,19765,Birmingham City WFC,Charlie Wellings,14,10,Shot,"[89.0, 38.0]","[94.0, 39.0]",Right Foot,Blocked,0.011014464,89.0,38.0,94.0,39.0,1
3524,19765,Birmingham City WFC,Connie Scofield,39,46,Shot,"[105.0, 50.0]","[120.0, 36.2, 1.0]",Left Foot,Goal,0.09020005,105.0,50.0,120.0,36.2,1
3525,19765,Birmingham City WFC,Charlie Wellings,45,55,Shot,"[95.0, 55.0]","[120.0, 45.2, 1.6]",Right Foot,Off T,0.016859783,95.0,55.0,120.0,45.2,1
3527,19765,Birmingham City WFC,Kerys Harrop,48,11,Shot,"[116.0, 32.0]","[117.0, 33.0]",Left Foot,Blocked,0.22079672,116.0,32.0,117.0,33.0,1
3528,19765,Birmingham City WFC,Connie Scofield,49,1,Shot,"[96.0, 39.0]","[120.0, 45.2, 4.1]",Right Foot,Off T,0.02821337,96.0,39.0,120.0,45.2,1
3531,19765,Birmingham City WFC,Harriet Scott,69,30,Shot,"[95.0, 48.0]","[119.0, 37.0, 2.0]",Left Foot,Saved,0.023912475,95.0,48.0,119.0,37.0,1
3532,19765,Birmingham City WFC,Emma Follis,77,33,Shot,"[101.0, 23.0]","[117.0, 38.1, 1.5]",Right Foot,Saved,0.01930879,101.0,23.0,117.0,38.1,1
3533,19765,Birmingham City WFC,Lucy Staniforth,78,6,Shot,"[95.0, 22.0]","[116.0, 37.8, 1.8]",Right Foot,Saved,0.015939327,95.0,22.0,116.0,37.8,1
3534,19765,Birmingham City WFC,Hayley Ladd,79,26,Shot,"[100.0, 39.0]","[118.0, 37.8, 1.6]",Right Foot,Saved,0.085221596,100.0,39.0,118.0,37.8,1
3535,19765,Birmingham City WFC,Lucy Staniforth,81,42,Shot,"[93.0, 47.0]","[99.0, 46.0]",Right Foot,Blocked,0.016101416,93.0,47.0,99.0,46.0,1
3536,19765,Birmingham City WFC,Hayley Ladd,86,51,Shot,"[93.0, 46.0]","[100.0, 46.0]",Right Foot,Blocked,0.03476727,93.0,46.0,100.0,46.0,1
2454,19727,Birmingham City WFC,Lucy Staniforth,1,41,Shot,"[112.0, 51.0]","[118.0, 43.0, 1.2]",Right Foot,Saved,0.1133825,112.0,51.0,118.0,43.0,1
2455,19727,Birmingham City WFC,Meaghan Sargeant,6,36,Shot,"[116.0, 47.0]","[119.0, 36.2, 1.7]",Right Foot,Goal,0.1910351,116.0,47.0,119.0,36.2,1
2456,19727,Birmingham City WFC,Hayley Ladd,9,27,Shot,"[114.0, 44.0]","[119.0, 45.0, 2.4]",Head,Off T,0.11841862,114.0,44.0,119.0,45.0,1
2458,19727,Birmingham City WFC,Charlie Wellings,19,56,Shot,"[63.0, 42.0]","[114.0, 41.5, 0.0]",Right Foot,Saved,0.014694635,63.0,42.0,114.0,41.5,1
2459,19727,Birmingham City WFC,Emma Follis,21,55,Shot,"[116.0, 26.0]","[118.0, 36.4, 1.3]",Right Foot,Saved,0.059834342,116.0,26.0,118.0,36.4,1
2461,19727,Birmingham City WFC,Kerys Harrop,24,7,Shot,"[108.0, 32.0]","[119.0, 42.2, 3.3]",Left Foot,Off T,0.07490095,108.0,32.0,119.0,42.2,1
2462,19727,Birmingham City WFC,Lucy Staniforth,36,56,Shot,"[104.0, 25.0]","[118.0, 39.9, 1.3]",Right Foot,Saved,0.043670442,104.0,25.0,118.0,39.9,1
2463,19727,Birmingham City WFC,Marisa Ewers,37,38,Shot,"[99.0, 30.0]","[119.0, 41.7, 4.9]",Right Foot,Off T,0.017880958,99.0,30.0,119.0,41.7,1
2465,19727,Birmingham City WFC,Charlie Wellings,46,14,Shot,"[101.0, 53.0]","[117.0, 38.3, 0.9]",Right Foot,Saved,0.03882372,101.0,53.0,117.0,38.3,1
2467,19727,Birmingham City WFC,Charlie Wellings,48,31,Shot,"[111.0, 29.0]","[118.0, 36.8, 0.7]",Left Foot,Saved,0.08864145,111.0,29.0,118.0,36.8,1
2468,19727,Birmingham City WFC,Emma Follis,53,15,Shot,"[109.0, 36.0]","[111.0, 40.5, 0.8]",Right Foot,Saved,0.34059426,109.0,36.0,111.0,40.5,1
2469,19727,Birmingham City WFC,Chloe Arthur,54,40,Shot,"[91.0, 41.0]","[105.0, 42.0]",Right Foot,Blocked,0.016584162,91.0,41.0,105.0,42.0,1
2470,19727,Birmingham City WFC,Charlie Wellings,56,20,Shot,"[105.0, 46.0]","[114.0, 32.0]",Head,Wayward,0.012479835,105.0,46.0,114.0,32.0,1
2471,19727,Birmingham City WFC,Emma Follis,57,6,Shot,"[99.0, 47.0]","[103.0, 43.0]",Right Foot,Wayward,0.017176323,99.0,47.0,103.0,43.0,1
2474,19727,Birmingham City WFC,Lucy Staniforth,60,24,Shot,"[58.0, 54.0]","[109.0, 49.0]",Right Foot,Wayward,0.015394724,58.0,54.0,109.0,49.0,1
2476,19727,Birmingham City WFC,Emma Follis,61,29,Shot,"[104.0, 44.0]","[109.0, 41.7, 0.7]",Right Foot,Saved,0.34767732,104.0,44.0,109.0,41.7,1
2485,19727,Birmingham City WFC,Marisa Ewers,80,52,Shot,"[99.0, 59.0]","[120.0, 42.2, 4.5]",Right Foot,Off T,0.015610633,99.0,59.0,120.0,42.2,1
2486,19727,Birmingham City WFC,Emma Follis,84,5,Shot,"[112.0, 35.0]","[120.0, 40.1, 2.8]",Left Foot,Post,0.2525896,112.0,35.0,120.0,40.1,1
3330,19738,Birmingham City WFC,Charlie Wellings,8,39,Shot,"[104.0, 55.0]","[106.0, 50.0]",Right Foot,Blocked,0.017845202,104.0,55.0,106.0,50.0,1
3331,19738,Birmingham City WFC,Meaghan Sargeant,12,27,Shot,"[112.0, 32.0]","[119.0, 37.6, 3.5]",Left Foot,Off T,0.07588483,112.0,32.0,119.0,37.6,1
3332,19738,Birmingham City WFC,Charlie Wellings,14,57,Shot,"[111.0, 34.0]","[114.0, 35.0]",Left Foot,Blocked,0.11724459,111.0,34.0,114.0,35.0,1
3333,19738,Birmingham City WFC,Aoife Mannion,31,45,Shot,"[108.0, 40.0]","[119.0, 43.8, 1.9]",Right Foot,Saved,0.76,108.0,40.0,119.0,43.8,1
3334,19738,Birmingham City WFC,Harriet Scott,32,18,Shot,"[99.0, 42.0]","[119.0, 37.2, 3.6]",Right Foot,Off T,0.025127286,99.0,42.0,119.0,37.2,1
3335,19738,Birmingham City WFC,Marisa Ewers,51,53,Shot,"[105.0, 54.0]","[120.0, 33.7, 0.7]",Left Foot,Off T,0.06269855,105.0,54.0,120.0,33.7,1
3336,19738,Birmingham City WFC,Charlie Wellings,52,45,Shot,"[102.0, 29.0]","[120.0, 38.7, 0.5]",Right Foot,Saved,0.06522236,102.0,29.0,120.0,38.7,1
3337,19738,Birmingham City WFC,Lucy Staniforth,55,34,Shot,"[91.0, 35.0]","[96.0, 34.0]",Right Foot,Blocked,0.020481197,91.0,35.0,96.0,34.0,1
3338,19738,Birmingham City WFC,Lucy Staniforth,56,57,Shot,"[98.0, 35.0]","[120.0, 45.8, 3.9]",Right Foot,Off T,0.03810896,98.0,35.0,120.0,45.8,1
3339,19738,Birmingham City WFC,Meaghan Sargeant,63,46,Shot,"[114.0, 48.0]","[120.0, 43.4, 1.3]",Left Foot,Saved,0.16065718,114.0,48.0,120.0,43.4,1
3340,19738,Birmingham City WFC,Charlie Wellings,64,25,Shot,"[108.0, 58.0]","[120.0, 36.2, 4.5]",Right Foot,Off T,0.02958945,108.0,58.0,120.0,36.2,1
3341,19738,Birmingham City WFC,Kerys Harrop,70,0,Shot,"[117.0, 38.0]","[120.0, 36.0, 3.9]",Head,Off T,0.3330679,117.0,38.0,120.0,36.0,1
3342,19738,Birmingham City WFC,Meaghan Sargeant,74,29,Shot,"[114.0, 36.0]","[113.0, 21.0]",Right Foot,Wayward,0.079502955,114.0,36.0,113.0,21.0,1
3343,19738,Birmingham City WFC,Aoife Mannion,74,49,Shot,"[88.0, 48.0]","[120.0, 39.9, 2.3]",Right Foot,Goal,0.019548263,88.0,48.0,120.0,39.9,1
3344,19738,Birmingham City WFC,Charlie Wellings,88,13,Shot,"[111.0, 44.0]","[113.0, 44.0]",Right Foot,Blocked,0.17941469,111.0,44.0,113.0,44.0,1
3345,19738,Birmingham City WFC,Charlie Wellings,88,19,Shot,"[107.0, 44.0]","[112.0, 41.0]",Right Foot,Blocked,0.13443354,107.0,44.0,112.0,41.0,1
3346,19738,Birmingham City WFC,Lucy Staniforth,92,52,Shot,"[97.0, 29.0]","[120.0, 41.5, 4.2]",Right Foot,Off T,0.018677305,97.0,29.0,120.0,41.5,1
3399,19763,Birmingham City WFC,Lucy Staniforth,14,20,Shot,"[86.0, 47.0]","[120.0, 46.9, 5.3]",Right Foot,Off T,0.014960135,86.0,47.0,120.0,46.9,1
3400,19763,Birmingham City WFC,Kerys Harrop,18,48,Shot,"[116.0, 40.0]","[120.0, 43.0, 0.6]",Head,Goal,0.16765091,116.0,40.0,120.0,43.0,1
3401,19763,Birmingham City WFC,Lucy Staniforth,21,5,Shot,"[115.0, 44.0]","[120.0, 32.7, 0.8]",Head,Off T,0.2608396,115.0,44.0,120.0,32.7,1
3402,19763,Birmingham City WFC,Charlie Wellings,21,58,Shot,"[106.0, 57.0]","[103.0, 50.0]",Right Foot,Blocked,0.014198965,106.0,57.0,103.0,50.0,1
3405,19763,Birmingham City WFC,Emma Follis,39,48,Shot,"[115.0, 33.0]","[119.0, 40.3, 2.3]",Right Foot,Goal,0.41192552,115.0,33.0,119.0,40.3,1
3406,19763,Birmingham City WFC,Charlie Wellings,41,15,Shot,"[92.0, 35.0]","[119.0, 41.7, 0.8]",Right Foot,Saved,0.018288054,92.0,35.0,119.0,41.7,1
3407,19763,Birmingham City WFC,Emma Follis,48,15,Shot,"[105.0, 50.0]","[112.0, 48.0]",Right Foot,Blocked,0.06916892,105.0,50.0,112.0,48.0,1
3408,19763,Birmingham City WFC,Paige Williams,48,18,Shot,"[95.0, 37.0]","[119.0, 38.5, 3.8]",Left Foot,Off T,0.049186666,95.0,37.0,119.0,38.5,1
3409,19763,Birmingham City WFC,Charlie Wellings,45,30,Shot,"[96.0, 50.0]","[119.0, 34.0, 0.2]",Right Foot,Off T,0.03708661,96.0,50.0,119.0,34.0,1
3410,19763,Birmingham City WFC,Lucy Staniforth,48,10,Shot,"[101.0, 27.0]","[118.0, 37.6, 0.4]",Right Foot,Saved,0.026929842,101.0,27.0,118.0,37.6,1
3412,19763,Birmingham City WFC,Harriet Scott,53,54,Shot,"[113.0, 33.0]","[118.0, 40.5, 1.1]",Head,Saved,0.16308248,113.0,33.0,118.0,40.5,1
3417,19763,Birmingham City WFC,Lucy Staniforth,78,1,Shot,"[107.0, 43.0]","[117.0, 43.6, 0.4]",Right Foot,Goal,0.36672434,107.0,43.0,117.0,43.6,1
3418,19763,Birmingham City WFC,Lucy Staniforth,86,36,Shot,"[111.0, 42.0]","[119.0, 49.0]",Right Foot,Wayward,0.3671263,111.0,42.0,119.0,49.0,1
3583,19789,Birmingham City WFC,Lucy Quinn,29,38,Shot,"[100.0, 53.0]","[120.0, 32.7, 0.5]",Left Foot,Off T,0.026289651,100.0,53.0,120.0,32.7,1
3587,19789,Birmingham City WFC,Emma Follis,35,9,Shot,"[113.0, 42.0]","[120.0, 37.0, 0.2]",Right Foot,Goal,0.3244375,113.0,42.0,120.0,37.0,1
3589,19789,Birmingham City WFC,Chloe Arthur,48,38,Shot,"[84.0, 57.0]","[118.0, 43.4, 0.9]",Left Foot,Saved,0.008740123,84.0,57.0,118.0,43.4,1
3590,19789,Birmingham City WFC,Emma Follis,52,31,Shot,"[107.0, 47.0]","[119.0, 33.9, 0.2]",Right Foot,Off T,0.3218132,107.0,47.0,119.0,33.9,1
3591,19789,Birmingham City WFC,Lucy Quinn,60,5,Shot,"[96.0, 32.0]","[119.0, 43.8, 2.1]",Right Foot,Goal,0.043944445,96.0,32.0,119.0,43.8,1
3592,19789,Birmingham City WFC,Charlie Wellings,67,43,Shot,"[95.0, 47.0]","[119.0, 44.4, 3.9]",Right Foot,Off T,0.043685533,95.0,47.0,119.0,44.4,1
3594,19789,Birmingham City WFC,Ellen White,76,33,Shot,"[112.0, 29.0]","[114.0, 32.0]",Left Foot,Blocked,0.07381769,112.0,29.0,114.0,32.0,1
3595,19789,Birmingham City WFC,Ellen White,80,50,Shot,"[97.0, 53.0]","[118.0, 19.0]",Right Foot,Wayward,0.055921633,97.0,53.0,118.0,19.0,1
3597,19789,Birmingham City WFC,Emma Follis,90,7,Shot,"[111.0, 55.0]","[117.0, 44.0, 1.4]",Right Foot,Saved,0.03954463,111.0,55.0,117.0,44.0,1
3598,19789,Birmingham City WFC,Ellen White,91,59,Shot,"[109.0, 35.0]","[119.0, 40.3, 1.9]",Left Foot,Goal,0.24149525,109.0,35.0,119.0,40.3,1
2895,19782,Birmingham City WFC,Charlie Wellings,13,53,Shot,"[91.0, 44.0]","[118.0, 41.9, 2.0]",Left Foot,Saved,0.021994857,91.0,44.0,118.0,41.9,1
2899,19782,Birmingham City WFC,Emma Follis,27,48,Shot,"[102.0, 24.0]","[104.0, 27.0]",Right Foot,Blocked,0.03149258,102.0,24.0,104.0,27.0,1
2905,19782,Birmingham City WFC,Paige Williams,45,41,Shot,"[109.0, 35.0]","[119.0, 39.7, 0.4]",Left Foot,Saved,0.13831374,109.0,35.0,119.0,39.7,1
2906,19782,Birmingham City WFC,Lucy Quinn,45,43,Shot,"[110.0, 49.0]","[117.0, 43.0]",Right Foot,Blocked,0.118627876,110.0,49.0,117.0,43.0,1
2907,19782,Birmingham City WFC,Lucy Quinn,45,44,Shot,"[112.0, 46.0]","[120.0, 39.9, 4.7]",Right Foot,Off T,0.19704038,112.0,46.0,120.0,39.9,1
2908,19782,Birmingham City WFC,Harriet Scott,47,12,Shot,"[115.0, 54.0]","[120.0, 44.8, 1.0]",Right Foot,Off T,0.021271572,115.0,54.0,120.0,44.8,1
2909,19782,Birmingham City WFC,Charlie Wellings,49,46,Shot,"[94.0, 36.0]","[120.0, 43.6, 1.3]",Right Foot,Saved,0.034775946,94.0,36.0,120.0,43.6,1
2910,19782,Birmingham City WFC,Chloe Arthur,50,18,Shot,"[105.0, 32.0]","[120.0, 34.8, 4.9]",Left Foot,Off T,0.017779466,105.0,32.0,120.0,34.8,1
2911,19782,Birmingham City WFC,Lucy Quinn,53,23,Shot,"[118.0, 34.0]","[120.0, 34.8, 1.6]",Head,Off T,0.0728305,118.0,34.0,120.0,34.8,1
2913,19782,Birmingham City WFC,Emma Follis,58,31,Shot,"[100.0, 25.0]","[120.0, 45.8, 1.1]",Right Foot,Off T,0.030071631,100.0,25.0,120.0,45.8,1
2916,19782,Birmingham City WFC,Kerys Harrop,71,18,Shot,"[116.0, 40.0]","[120.0, 42.6, 2.0]",Head,Goal,0.5230041,116.0,40.0,120.0,42.6,1
2918,19782,Birmingham City WFC,Lucy Quinn,79,37,Shot,"[97.0, 50.0]","[120.0, 39.7, 4.1]",Left Foot,Off T,0.03710728,97.0,50.0,120.0,39.7,1
2921,19782,Birmingham City WFC,Meaghan Sargeant,88,40,Shot,"[114.0, 42.0]","[120.0, 36.6, 1.2]",Head,Goal,0.09538218,114.0,42.0,120.0,36.6,1
3073,19804,Birmingham City WFC,Emma Follis,16,1,Shot,"[107.4, 27.6]","[120.0, 38.0, 3.9]",Left Foot,Off T,0.028224923,107.4,27.6,120.0,38.0,1
3074,19804,Birmingham City WFC,Chloe Arthur,16,34,Shot,"[89.2, 36.6]","[97.7, 36.6]",Left Foot,Blocked,0.013631012,89.2,36.6,97.7,36.6,1
3077,19804,Birmingham City WFC,Ellen White,33,27,Shot,"[107.8, 59.1]","[117.5, 41.5, 1.6]",Right Foot,Saved,0.022992713,107.8,59.1,117.5,41.5,1
3082,19804,Birmingham City WFC,Harriet Scott,43,27,Shot,"[95.2, 33.8]","[96.6, 34.4]",Left Foot,Blocked,0.03080022,95.2,33.8,96.6,34.4,1
3084,19804,Birmingham City WFC,Hayley Ladd,54,47,Shot,"[94.8, 36.6]","[120.0, 42.9, 4.0]",Right Foot,Off T,0.053488668,94.8,36.6,120.0,42.9,1
3086,19804,Birmingham City WFC,Harriet Scott,62,8,Shot,"[112.6, 47.1]","[120.0, 37.5, 5.3]",Head,Off T,0.05192684,112.6,47.1,120.0,37.5,1
3087,19804,Birmingham City WFC,Ellen White,68,31,Shot,"[111.5, 47.4]","[112.7, 46.9]",Right Foot,Blocked,0.060479723,111.5,47.4,112.7,46.9,1
3088,19804,Birmingham City WFC,Chloe Arthur,70,23,Shot,"[114.6, 37.6]","[120.0, 35.0, 0.7]",Head,Off T,0.24801566,114.6,37.6,120.0,35.0,1
3090,19804,Birmingham City WFC,Ellen White,78,1,Shot,"[103.9, 51.4]","[118.2, 43.3, 0.3]",Right Foot,Saved,0.075087294,103.9,51.4,118.2,43.3,1
3178,19813,Birmingham City WFC,Emma Follis,8,2,Shot,"[107.8, 28.2]","[108.5, 29.0]",Right Foot,Blocked,0.03629309,107.8,28.2,108.5,29.0,1
3179,19813,Birmingham City WFC,Charlie Wellings,8,4,Shot,"[108.7, 24.3]","[109.4, 25.3]",Left Foot,Blocked,0.02067287,108.7,24.3,109.4,25.3,1
3180,19813,Birmingham City WFC,Meaghan Sargeant,8,45,Shot,"[114.1, 44.7]","[118.6, 41.0]",Left Foot,Blocked,0.11389219,114.1,44.7,118.6,41.0,1
3181,19813,Birmingham City WFC,Charlie Wellings,8,49,Shot,"[102.3, 48.4]","[104.5, 47.3]",Right Foot,Blocked,0.028587453,102.3,48.4,104.5,47.3,1
3183,19813,Birmingham City WFC,Charlie Wellings,32,38,Shot,"[102.7, 46.2]","[104.1, 36.8]",Left Foot,Blocked,0.07422319,102.7,46.2,104.1,36.8,1
3184,19813,Birmingham City WFC,Hayley Ladd,43,15,Shot,"[100.3, 37.9]","[120.0, 36.6, 1.8]",Right Foot,Goal,0.13706811,100.3,37.9,120.0,36.6,1
3185,19813,Birmingham City WFC,Marisa Ewers,46,24,Shot,"[101.0, 39.9]","[120.0, 41.5, 3.7]",Right Foot,Off T,0.087531514,101.0,39.9,120.0,41.5,1
3186,19813,Birmingham City WFC,Claudia Walker,57,57,Shot,"[111.0, 39.3]","[120.0, 39.8, 3.7]",Right Foot,Off T,0.0948818,111.0,39.3,120.0,39.8,1
3187,19813,Birmingham City WFC,Harriet Scott,58,53,Shot,"[87.2, 47.2]","[120.0, 34.0, 1.0]",Right Foot,Off T,0.019165369,87.2,47.2,120.0,34.0,1
3189,19813,Birmingham City WFC,Charlie Wellings,67,54,Shot,"[110.9, 61.3]","[113.5, 55.3]",Left Foot,Blocked,0.019127892,110.9,61.3,113.5,55.3,1
3190,19813,Birmingham City WFC,Meaghan Sargeant,74,41,Shot,"[114.3, 46.3]","[116.2, 43.0]",Other,Blocked,0.15551245,114.3,46.3,116.2,43.0,1
3191,19813,Birmingham City WFC,Chloe Arthur,74,43,Shot,"[114.4, 43.1]","[120.0, 43.1, 2.1]",Right Foot,Goal,0.4102468,114.4,43.1,120.0,43.1,1
3192,19813,Birmingham City WFC,Harriet Scott,77,1,Shot,"[113.8, 44.5]","[115.8, 42.1]",Right Foot,Blocked,0.3261995,113.8,44.5,115.8,42.1,1
3193,19813,Birmingham City WFC,Chloe Arthur,78,8,Shot,"[82.9, 48.1]","[120.0, 43.9, 4.2]",Right Foot,Off T,0.014793696,82.9,48.1,120.0,43.9,1
3194,19813,Birmingham City WFC,Lucy Staniforth,81,22,Shot,"[88.4, 40.6]","[120.0, 36.4, 0.8]",Right Foot,Saved,0.021077234,88.4,40.6,120.0,36.4,1
3195,19813,Birmingham City WFC,Ellen White,82,0,Shot,"[105.1, 58.7]","[119.9, 32.0, 0.3]",Right Foot,Off T,0.023526793,105.1,58.7,119.9,32.0,1
3196,19813,Birmingham City WFC,Ellen White,89,43,Shot,"[102.4, 26.0]","[120.0, 56.4, 0.8]",Right Foot,Off T,0.030031936,102.4,26.0,120.0,56.4,1
3197,19813,Birmingham City WFC,Lucy Staniforth,90,23,Shot,"[87.5, 36.9]","[94.0, 37.0]",Right Foot,Blocked,0.016344873,87.5,36.9,94.0,37.0,1
3198,19813,Birmingham City WFC,Kerys Harrop,92,9,Shot,"[105.2, 23.9]","[112.7, 52.8]",Right Foot,Wayward,0.019644175,105.2,23.9,112.7,52.8,1
3600,19816,Birmingham City WFC,Claudia Walker,2,24,Shot,"[94.3, 60.1]","[117.7, 39.8, 0.2]",Right Foot,Saved,0.014627006,94.3,60.1,117.7,39.8,1
3601,19816,Birmingham City WFC,Chloe Arthur,6,11,Shot,"[93.8, 41.4]","[96.1, 41.2]",Left Foot,Blocked,0.02428649,93.8,41.4,96.1,41.2,1
3602,19816,Birmingham City WFC,Chloe Arthur,8,13,Shot,"[100.6, 57.6]","[110.8, 41.6]",Right Foot,Blocked,0.034943037,100.6,57.6,110.8,41.6,1
3603,19816,Birmingham City WFC,Harriet Scott,11,54,Shot,"[100.6, 20.1]","[105.5, 25.6]",Right Foot,Blocked,0.014279839,100.6,20.1,105.5,25.6,1
3604,19816,Birmingham City WFC,Ellen White,13,18,Shot,"[113.8, 48.7]","[120.0, 46.0, 0.3]",Right Foot,Off T,0.050266035,113.8,48.7,120.0,46.0,1
3605,19816,Birmingham City WFC,Meaghan Sargeant,15,22,Shot,"[106.8, 30.3]","[118.2, 36.5]",Right Foot,Blocked,0.044531234,106.8,30.3,118.2,36.5,1
3606,19816,Birmingham City WFC,Charlie Wellings,15,26,Shot,"[100.7, 41.1]","[119.2, 40.9, 0.3]",Right Foot,Saved,0.081528306,100.7,41.1,119.2,40.9,1
3607,19816,Birmingham City WFC,Charlie Wellings,19,12,Shot,"[96.0, 29.3]","[119.1, 37.0, 0.3]",Right Foot,Saved to Post,0.021599794,96.0,29.3,119.1,37.0,1
3608,19816,Birmingham City WFC,Ellen White,19,14,Shot,"[113.1, 38.4]","[120.0, 37.8, 0.2]",Left Foot,Goal,0.3782412,113.1,38.4,120.0,37.8,1
3609,19816,Birmingham City WFC,Ellen White,28,41,Shot,"[109.5, 38.4]","[120.0, 37.7, 0.5]",Head,Goal,0.22471464,109.5,38.4,120.0,37.7,1
3610,19816,Birmingham City WFC,Claudia Walker,46,20,Shot,"[105.8, 56.7]","[120.0, 41.7, 3.6]",Right Foot,Off T,0.017863791,105.8,56.7,120.0,41.7,1
3612,19816,Birmingham City WFC,Charlie Wellings,50,14,Shot,"[106.8, 28.9]","[118.3, 37.9, 0.2]",Left Foot,Saved,0.14692697,106.8,28.9,118.3,37.9,1
3613,19816,Birmingham City WFC,Hayley Ladd,50,38,Shot,"[93.5, 40.9]","[119.1, 37.2, 0.4]",Right Foot,Saved,0.028098283,93.5,40.9,119.1,37.2,1
3617,19816,Birmingham City WFC,Ellen White,84,8,Shot,"[96.9, 51.1]","[119.2, 39.1, 2.2]",Right Foot,Saved,0.019974018,96.9,51.1,119.2,39.1,1
3618,19816,Birmingham City WFC,Lucy Staniforth,85,39,Shot,"[99.1, 32.0]","[105.7, 33.6]",Left Foot,Wayward,0.0356828,99.1,32.0,105.7,33.6,1
3619,19816,Birmingham City WFC,Lucy Staniforth,85,48,Shot,"[79.1, 39.8]","[120.0, 33.6, 0.2]",Right Foot,Off T,0.010803034,79.1,39.8,120.0,33.6,1
3620,19816,Birmingham City WFC,Charlie Wellings,88,45,Shot,"[107.3, 31.0]","[118.8, 40.6, 0.2]",Right Foot,Saved,0.050425984,107.3,31.0,118.8,40.6,1
3621,19816,Birmingham City WFC,Hayley Ladd,91,34,Shot,"[100.6, 24.6]","[120.0, 42.1, 4.6]",Right Foot,Off T,0.049359232,100.6,24.6,120.0,42.1,1
2647,19756,Birmingham City WFC,Lucy Quinn,5,52,Shot,"[95.8, 47.1]","[120.0, 33.4, 0.2]",Left Foot,Off T,0.01923959,95.8,47.1,120.0,33.4,1
2649,19756,Birmingham City WFC,Hayley Ladd,8,15,Shot,"[95.0, 44.8]","[120.0, 37.2, 2.0]",Right Foot,Goal,0.027542586,95.0,44.8,120.0,37.2,1
2653,19756,Birmingham City WFC,Claudia Walker,24,50,Shot,"[92.5, 23.7]","[118.5, 42.6, 1.5]",Right Foot,Saved,0.010135644,92.5,23.7,118.5,42.6,1
2656,19756,Birmingham City WFC,Kerys Harrop,33,12,Shot,"[113.0, 44.7]","[118.5, 39.8]",Head,Wayward,0.031538937,113.0,44.7,118.5,39.8,1
2657,19756,Birmingham City WFC,Ellen White,33,13,Shot,"[118.1, 40.3]","[120.0, 43.8, 0.2]",Right Foot,Goal,0.6254134,118.1,40.3,120.0,43.8,1
2662,19756,Birmingham City WFC,Claudia Walker,46,57,Shot,"[99.2, 22.9]","[118.9, 36.1, 0.2]",Right Foot,Saved,0.020302845,99.2,22.9,118.9,36.1,1
2663,19756,Birmingham City WFC,Claudia Walker,53,20,Shot,"[93.1, 39.3]","[120.0, 30.4, 3.3]",Right Foot,Off T,0.016805112,93.1,39.3,120.0,30.4,1
2665,19756,Birmingham City WFC,Ellen White,66,36,Shot,"[118.8, 37.5]","[120.0, 36.8, 1.7]",Head,Goal,0.4389901,118.8,37.5,120.0,36.8,1
2667,19756,Birmingham City WFC,Meaghan Sargeant,75,52,Shot,"[114.0, 45.5]","[120.0, 37.8, 4.5]",Head,Off T,0.080247365,114.0,45.5,120.0,37.8,1
2668,19756,Birmingham City WFC,Ellen White,79,37,Shot,"[112.9, 45.1]","[113.5, 44.3]",Right Foot,Blocked,0.23322637,112.9,45.1,113.5,44.3,1
2671,19756,Birmingham City WFC,Ellen White,90,28,Shot,"[92.8, 40.2]","[120.0, 34.0, 2.7]",Right Foot,Off T,0.08917626,92.8,40.2,120.0,34.0,1
3604,19796,Birmingham City WFC,Ellen White,3,0,Shot,"[111.0, 43.0]","[119.0, 34.2, 0.9]",Head,Off T,0.07534485,111.0,43.0,119.0,34.2,1
3606,19796,Birmingham City WFC,Ellen White,25,45,Shot,"[105.0, 40.0]","[119.0, 41.1, 1.6]",Right Foot,Goal,0.31458172,105.0,40.0,119.0,41.1,1
3613,19796,Birmingham City WFC,Lucy Staniforth,38,5,Shot,"[110.0, 41.0]","[114.0, 43.0]",Head,Blocked,0.07701187,110.0,41.0,114.0,43.0,1
3614,19796,Birmingham City WFC,Sarah Emma Mayling,38,12,Shot,"[87.0, 55.0]","[119.0, 44.6, 3.7]",Right Foot,Off T,0.009576051,87.0,55.0,119.0,44.6,1
3615,19796,Birmingham City WFC,Ellen White,41,46,Shot,"[113.0, 48.0]","[119.0, 45.6, 1.9]",Right Foot,Off T,0.25747937,113.0,48.0,119.0,45.6,1
3616,19796,Birmingham City WFC,Charlie Wellings,54,41,Shot,"[107.0, 37.0]","[119.0, 42.2, 0.9]",Right Foot,Saved,0.11040189,107.0,37.0,119.0,42.2,1
3617,19796,Birmingham City WFC,Ellen White,58,31,Shot,"[106.0, 47.0]","[118.0, 43.8, 0.8]",Right Foot,Saved,0.053021763,106.0,47.0,118.0,43.8,1
3618,19796,Birmingham City WFC,Charlie Wellings,59,38,Shot,"[94.0, 34.0]","[120.0, 34.2, 0.7]",Right Foot,Off T,0.022294583,94.0,34.0,120.0,34.2,1
3620,19796,Birmingham City WFC,Marisa Ewers,66,53,Shot,"[101.0, 25.0]","[119.0, 41.0]",Right Foot,Wayward,0.026853066,101.0,25.0,119.0,41.0,1
3621,19796,Birmingham City WFC,Charlie Wellings,67,4,Shot,"[95.0, 53.0]","[118.0, 43.8, 0.9]",Left Foot,Saved,0.01368559,95.0,53.0,118.0,43.8,1
3623,19796,Birmingham City WFC,Chloe Arthur,90,55,Shot,"[113.0, 43.0]","[117.0, 44.0]",Right Foot,Blocked,0.4033132,113.0,43.0,117.0,44.0,1
